Workbook

Sheet ticket
A1: 🎫 Ticket Data
A2: ticket_id | B2: created_at | C2: closed_at | D2: outlet_id | E2: cms_id | F2: Same Day? | G2: Same Hour? | H2: Resolution Time (Hours) | I2: Resolution Category
A3: isu-sjd-457 | B3: 2021-08-19 16:45:43 | C3: 2021-08-22 12:33:32 | D3: wrqy-juv-978 | E3: vew-iuvd-12 | F3: =IF(INT(B3)=INT(C3),"Yes","No") -> No | G3: =IF(TEXT(B3,"yyyy-mm-dd hh")=TEXT(C3,"yyyy-mm-dd hh"),"Yes","No") -> No | H3: =ROUND((C3 - B3) * 24,2) -> 67.8 | I3: =IF((C3-B3)*24 <= 1,"Fast","Slow") -> Slow
A4: qer-fal-092 | B4: 2021-08-21 11:09:22 | C4: 2021-08-21 17:13:45 | D4: 8woh-k3u-23b | E4: cms-abc-001 | F4: =IF(INT(B4)=INT(C4),"Yes","No") -> Yes | G4: =IF(TEXT(B4,"yyyy-mm-dd hh")=TEXT(C4,"yyyy-mm-dd hh"),"Yes","No") -> No | H4: =ROUND((C4 - B4) * 24,2) -> 6.07 | I4: =IF((C4-B4)*24 <= 1,"Fast","Slow") -> Slow
A5: tck-mnp-301 | B5: 2021-08-22 09:15:00 | C5: 2021-08-22 09:58:10 | D5: wrqy-juv-978 | E5: cms-xyz-002 | F5: =IF(INT(B5)=INT(C5),"Yes","No") -> Yes | G5: =IF(TEXT(B5,"yyyy-mm-dd hh")=TEXT(C5,"yyyy-mm-dd hh"),"Yes","No") -> Yes | H5: =ROUND((C5 - B5) * 24,2) -> 0.72 | I5: =IF((C5-B5)*24 <= 1,"Fast","Slow") -> Fast
A6: tck-bcd-410 | B6: 2021-08-23 14:00:05 | C6: 2021-08-23 14:45:20 | D6: 8woh-k3u-23b | E6: cms-def-003 | F6: =IF(INT(B6)=INT(C6),"Yes","No") -> Yes | G6: =IF(TEXT(B6,"yyyy-mm-dd hh")=TEXT(C6,"yyyy-mm-dd hh"),"Yes","No") -> Yes | H6: =ROUND((C6 - B6) * 24,2) -> 0.75 | I6: =IF((C6-B6)*24 <= 1,"Fast","Slow") -> Fast
A7: tck-efg-522 | B7: 2021-08-24 08:30:00 | C7: 2021-08-25 10:00:00 | D7: wrqy-juv-978 | E7: cms-ghi-004 | F7: =IF(INT(B7)=INT(C7),"Yes","No") -> No | G7: =IF(TEXT(B7,"yyyy-mm-dd hh")=TEXT(C7,"yyyy-mm-dd hh"),"Yes","No") -> No | H7: =ROUND((C7 - B7) * 24,2) -> 25.5 | I7: =IF((C7-B7)*24 <= 1,"Fast","Slow") -> Slow
A8: tck-hij-633 | B8: 2021-08-24 11:00:00 | C8: 2021-08-24 11:55:00 | D8: ouv-lmn-445 | E8: cms-jkl-005 | F8: =IF(INT(B8)=INT(C8),"Yes","No") -> Yes | G8: =IF(TEXT(B8,"yyyy-mm-dd hh")=TEXT(C8,"yyyy-mm-dd hh"),"Yes","No") -> Yes | H8: =ROUND((C8 - B8) * 24,2) -> 0.92 | I8: =IF((C8-B8)*24 <= 1,"Fast","Slow") -> Fast
A9: tck-klm-744 | B9: 2021-08-25 15:20:00 | C9: 2021-08-25 15:50:00 | D9: ouv-lmn-445 | E9: cms-mno-006 | F9: =IF(INT(B9)=INT(C9),"Yes","No") -> Yes | G9: =IF(TEXT(B9,"yyyy-mm-dd hh")=TEXT(C9,"yyyy-mm-dd hh"),"Yes","No") -> Yes | H9: =ROUND((C9 - B9) * 24,2) -> 0.5 | I9: =IF((C9-B9)*24 <= 1,"Fast","Slow") -> Fast
A10: tck-nop-855 | B10: 2021-08-26 09:00:00 | C10: 2021-08-27 09:00:00 | D10: 8woh-k3u-23b | E10: cms-pqr-007 | F10: =IF(INT(B10)=INT(C10),"Yes","No") -> No | G10: =IF(TEXT(B10,"yyyy-mm-dd hh")=TEXT(C10,"yyyy-mm-dd hh"),"Yes","No") -> No | H10: =ROUND((C10 - B10) * 24,2) -> 24 | I10: =IF((C10-B10)*24 <= 1,"Fast","Slow") -> Slow
A11: tck-qrs-966 | B11: 2021-08-26 13:10:00 | C11: 2021-08-26 13:55:00 | D11: wrqy-juv-978 | E11: cms-stu-008 | F11: =IF(INT(B11)=INT(C11),"Yes","No") -> Yes | G11: =IF(TEXT(B11,"yyyy-mm-dd hh")=TEXT(C11,"yyyy-mm-dd hh"),"Yes","No") -> Yes | H11: =ROUND((C11 - B11) * 24,2) -> 0.75 | I11: =IF((C11-B11)*24 <= 1,"Fast","Slow") -> Fast
A12: tck-tuv-077 | B12: 2021-08-27 10:00:00 | C12: 2021-08-27 10:40:00 | D12: ouv-lmn-445 | E12: cms-vwx-009 | F12: =IF(INT(B12)=INT(C12),"Yes","No") -> Yes | G12: =IF(TEXT(B12,"yyyy-mm-dd hh")=TEXT(C12,"yyyy-mm-dd hh"),"Yes","No") -> Yes | H12: =ROUND((C12 - B12) * 24,2) -> 0.67 | I12: =IF((C12-B12)*24 <= 1,"Fast","Slow") -> Fast

Sheet feedbacks
A1: 💬 Feedbacks Data
A2: cms_id | B2: feedback_at | C2: feedback_rating | D2: ticket_created_at
A3: vew-iuvd-12 | B3: 2021-08-21 13:26:48 | C3: 3 | D3: =IFERROR(INDEX(ticket!$B$3:$B$12,MATCH(A3,ticket!$E$3:$E$12,0)),"Not Found") -> 2021-08-19 16:45:43
A4: cms-abc-001 | B4: 2021-08-22 08:00:00 | C4: 5 | D4: =IFERROR(INDEX(ticket!$B$3:$B$12,MATCH(A4,ticket!$E$3:$E$12,0)),"Not Found") -> 2021-08-21 11:09:22
A5: cms-xyz-002 | B5: 2021-08-23 10:30:00 | C5: 4 | D5: =IFERROR(INDEX(ticket!$B$3:$B$12,MATCH(A5,ticket!$E$3:$E$12,0)),"Not Found") -> 2021-08-22 09:15:00
A6: cms-def-003 | B6: 2021-08-24 09:00:00 | C6: 2 | D6: =IFERROR(INDEX(ticket!$B$3:$B$12,MATCH(A6,ticket!$E$3:$E$12,0)),"Not Found") -> 2021-08-23 14:00:05
A7: cms-ghi-004 | B7: 2021-08-26 11:00:00 | C7: 5 | D7: =IFERROR(INDEX(ticket!$B$3:$B$12,MATCH(A7,ticket!$E$3:$E$12,0)),"Not Found") -> 2021-08-24 08:30:00
A8: cms-jkl-005 | B8: 2021-08-25 12:00:00 | C8: 3 | D8: =IFERROR(INDEX(ticket!$B$3:$B$12,MATCH(A8,ticket!$E$3:$E$12,0)),"Not Found") -> 2021-08-24 11:00:00
A9: cms-mno-006 | B9: 2021-08-26 16:00:00 | C9: 4 | D9: =IFERROR(INDEX(ticket!$B$3:$B$12,MATCH(A9,ticket!$E$3:$E$12,0)),"Not Found") -> 2021-08-25 15:20:00
A10: cms-pqr-007 | B10: 2021-08-28 10:00:00 | C10: 1 | D10: =IFERROR(INDEX(ticket!$B$3:$B$12,MATCH(A10,ticket!$E$3:$E$12,0)),"Not Found") -> 2021-08-26 09:00:00
A11: cms-stu-008 | B11: 2021-08-27 09:00:00 | C11: 5 | D11: =IFERROR(INDEX(ticket!$B$3:$B$12,MATCH(A11,ticket!$E$3:$E$12,0)),"Not Found") -> 2021-08-26 13:10:00
A12: cms-vwx-009 | B12: 2021-08-28 11:00:00 | C12: 4 | D12: =IFERROR(INDEX(ticket!$B$3:$B$12,MATCH(A12,ticket!$E$3:$E$12,0)),"Not Found") -> 2021-08-27 10:00:00

Sheet Analysis
A1: 📊 Outlet-wise Ticket Analysis
A3: Part (a): Same Day Tickets Closed
A4: outlet_id | B4: Count (Same Day)
A5: 8woh-k3u-23b | B5: =COUNTIFS(ticket!$D$3:$D$12,A5,ticket!$F$3:$F$12,TRUE) -> 0
A6: ouv-lmn-445 | B6: =COUNTIFS(ticket!$D$3:$D$12,A6,ticket!$F$3:$F$12,TRUE) -> 0
A7: wrqy-juv-978 | B7: =COUNTIFS(ticket!$D$3:$D$12,A7,ticket!$F$3:$F$12,TRUE) -> 0
A10: Part (b): Same Hour of Same Day Tickets Closed
A11: outlet_id | B11: Count (Same Hour of Same Day)
A12: 8woh-k3u-23b | B12: =COUNTIFS(ticket!$D$3:$D$12,A12,ticket!$H$3:$H$12,TRUE) -> 0
A13: ouv-lmn-445 | B13: =COUNTIFS(ticket!$D$3:$D$12,A13,ticket!$H$3:$H$12,TRUE) -> 0
A14: wrqy-juv-978 | B14: =COUNTIFS(ticket!$D$3:$D$12,A14,ticket!$H$3:$H$12,TRUE) -> 0
