Workbook

Sheet ticket
A1: ticket_id | B1: created_at | C1: closed_at | D1: outlet_id | E1: cms_id | F1: Same Day? | G1: Same Hour?
A2: TCK-1001 | B2: 44409.384 | C2: 44409.421 | D2: OUT-001 | E2: CMS-001 | F2: =INT(B2)=INT(C2) -> TRUE | G2: =AND(INT(B2)=INT(C2), HOUR(B2)=HOUR(C2)) -> FALSE
A3: TCK-1002 | B3: 44409.45 | C3: 44409.682 | D3: OUT-002 | E3: CMS-002 | F3: =INT(B3)=INT(C3) -> TRUE | G3: =AND(INT(B3)=INT(C3), HOUR(B3)=HOUR(C3)) -> FALSE
A4: TCK-1003 | B4: 44409.597 | C4: 44410.383 | D4: OUT-003 | E4: CMS-003 | F4: =INT(B4)=INT(C4) -> FALSE | G4: =AND(INT(B4)=INT(C4), HOUR(B4)=HOUR(C4)) -> FALSE
A5: TCK-1004 | B5: 44410.336 | C5: 44410.367 | D5: OUT-001 | E5: CMS-004 | F5: =INT(B5)=INT(C5) -> TRUE | G5: =AND(INT(B5)=INT(C5), HOUR(B5)=HOUR(C5)) -> TRUE
A6: TCK-1005 | B6: 44410.497 | C6: 44411.548 | D6: OUT-004 | E6: CMS-005 | F6: =INT(B6)=INT(C6) -> FALSE | G6: =AND(INT(B6)=INT(C6), HOUR(B6)=HOUR(C6)) -> FALSE
A7: TCK-1006 | B7: 44410.686 | C7: 44410.752 | D7: OUT-002 | E7: CMS-006 | F7: =INT(B7)=INT(C7) -> TRUE | G7: =AND(INT(B7)=INT(C7), HOUR(B7)=HOUR(C7)) -> FALSE
A8: TCK-1007 | B8: 44411.379 | C8: 44411.485 | D8: OUT-003 | E8: CMS-007 | F8: =INT(B8)=INT(C8) -> TRUE | G8: =AND(INT(B8)=INT(C8), HOUR(B8)=HOUR(C8)) -> FALSE
A9: TCK-1008 | B9: 44411.571 | C9: 44412.427 | D9: OUT-005 | E9: CMS-008 | F9: =INT(B9)=INT(C9) -> FALSE | G9: =AND(INT(B9)=INT(C9), HOUR(B9)=HOUR(C9)) -> FALSE
A10: TCK-1009 | B10: 44411.721 | C10: 44411.807 | D10: OUT-001 | E10: CMS-009 | F10: =INT(B10)=INT(C10) -> TRUE | G10: =AND(INT(B10)=INT(C10), HOUR(B10)=HOUR(C10)) -> FALSE
A11: TCK-1010 | B11: 44412.354 | C11: 44412.385 | D11: OUT-004 | E11: CMS-010 | F11: =INT(B11)=INT(C11) -> TRUE | G11: =AND(INT(B11)=INT(C11), HOUR(B11)=HOUR(C11)) -> FALSE
A12: TCK-1011 | B12: 44412.454 | C12: 44413.348 | D12: OUT-002 | E12: CMS-011 | F12: =INT(B12)=INT(C12) -> FALSE | G12: =AND(INT(B12)=INT(C12), HOUR(B12)=HOUR(C12)) -> FALSE
A13: TCK-1012 | B13: 44412.629 | C13: 44412.697 | D13: OUT-003 | E13: CMS-012 | F13: =INT(B13)=INT(C13) -> TRUE | G13: =AND(INT(B13)=INT(C13), HOUR(B13)=HOUR(C13)) -> FALSE
... A31: TCK-1030 | B31: 44419.378 | C31: 44419.498 | D31: OUT-004 | E31: CMS-030 | F31: =INT(B31)=INT(C31) -> TRUE | G31: =AND(INT(B31)=INT(C31), HOUR(B31)=HOUR(C31)) -> FALSE

Sheet feedbacks
A1: cms_id | B1: feedback_at | C1: feedback_rating | D1: ticket_created_at
A2: CMS-001 | D2: =INDEX(ticket!$B$2:$B$31, MATCH(A2, ticket!$E$2:$E$31, 0)) -> 44409.384
A3: CMS-002 | D3: =INDEX(ticket!$B$2:$B$31, MATCH(A3, ticket!$E$2:$E$31, 0)) -> 44409.45
A4: CMS-003 | D4: =INDEX(ticket!$B$2:$B$31, MATCH(A4, ticket!$E$2:$E$31, 0)) -> 44409.597
A5: CMS-004 | D5: =INDEX(ticket!$B$2:$B$31, MATCH(A5, ticket!$E$2:$E$31, 0)) -> 44410.336
A6: CMS-005 | D6: =INDEX(ticket!$B$2:$B$31, MATCH(A6, ticket!$E$2:$E$31, 0)) -> 44410.497
A7: CMS-006 | D7: =INDEX(ticket!$B$2:$B$31, MATCH(A7, ticket!$E$2:$E$31, 0)) -> 44410.686
A8: CMS-007 | D8: =INDEX(ticket!$B$2:$B$31, MATCH(A8, ticket!$E$2:$E$31, 0)) -> 44411.379
A9: CMS-008 | D9: =INDEX(ticket!$B$2:$B$31, MATCH(A9, ticket!$E$2:$E$31, 0)) -> 44411.571
A10: CMS-009 | D10: =INDEX(ticket!$B$2:$B$31, MATCH(A10, ticket!$E$2:$E$31, 0)) -> 44411.721
A11: CMS-010 | D11: =INDEX(ticket!$B$2:$B$31, MATCH(A11, ticket!$E$2:$E$31, 0)) -> 44412.354
A12: CMS-011 | D12: =INDEX(ticket!$B$2:$B$31, MATCH(A12, ticket!$E$2:$E$31, 0)) -> 44412.454
A13: CMS-012 | D13: =INDEX(ticket!$B$2:$B$31, MATCH(A13, ticket!$E$2:$E$31, 0)) -> 44412.629
... A31: CMS-030 | D31: =INDEX(ticket!$B$2:$B$31, MATCH(A31, ticket!$E$2:$E$31, 0)) -> 44419.378

Sheet Sheet3
A1: Same Day? | B1: TRUE
A3: Row Labels | B3: Count of ticket_id
A4: OUT-001 | B4: 6
A5: OUT-002 | B5: 5
A6: OUT-003 | B6: 4
A7: OUT-004 | B7: 3
A8: OUT-005 | B8: 2
A9: Grand Total | B9: 20

Sheet Sheet2
A1: Same Hour? | B1: TRUE
A3: Row Labels | B3: Count of ticket_id
A4: OUT-001 | B4: 1
A5: OUT-002 | B5: 1
A6: Grand Total | B6: 2
